АБХАЗИЯ	AB	ABKHAZIIA	abkhaziia
АБХАЗИЯ	AB	F,[FPBZ	abkhaziia
АБХАЗИЯ	AB	АБХАЗИЯ	abkhaziia
АБХАЗИЯ	AB	ABHAZIJA	abkhaziia
АВСТРАЛИЯ	AU	KANBERRA	avstralija
АВСТРАЛИЯ	AU	AVSTRALIJA	avstralija
АВСТРАЛИЯ	AU	АВСТРАЛИЯ	avstralija
АВСТРАЛИЯ	AU	RFY,THHF	avstralija
АВСТРАЛИЯ	AU	КАНБЕРРА	avstralija
АВСТРАЛИЯ	AU	FDCNHFKBZ	avstralija
АВСТРАЛИЯ	AU	AVSTRALIIA	avstralija
АВСТРИЯ	AT	AVSTRIJA	avstrija
АВСТРИЯ	AT	ВЕНА	avstrija
АВСТРИЯ	AT	FDCNHBZ	avstrija
АВСТРИЯ	AT	AVSTRIIA	avstrija
АВСТРИЯ	AT	DTYF	avstrija
АВСТРИЯ	AT	VENA	avstrija
АВСТРИЯ	AT	АВСТРИЯ	avstrija
АЗЕРБАЙДЖАН	AZ	BAKU	azerbajdzhan
АЗЕРБАЙДЖАН	AZ	БАКУ	azerbajdzhan
АЗЕРБАЙДЖАН	AZ	AZERBAJDZHAN	azerbajdzhan
АЗЕРБАЙДЖАН	AZ	FPTH,FQL	azerbajdzhan
АЗЕРБАЙДЖАН	AZ	FRE	azerbajdzhan
АЗЕРБАЙДЖАН	AZ	АЗЕРБАЙДЖАН	azerbajdzhan
АЗЕРБАЙДЖАН	AZ	AZERBAIDZHAN	azerbajdzhan
АЛБАНИЯ	AL	АЛБАНИЯ	albanija
АЛБАНИЯ	AL	ALBANIJA	albanija
АЛБАНИЯ	AL	FK,FYBZ	albanija
АЛБАНИЯ	AL	ALBANIIA	albanija
АЛЖИР	DZ	АЛЖИР	alzhir
АЛЖИР	DZ	ALZHIR	alzhir
АЛЖИР	DZ	ALZHIR	alzhir
АЛЖИР	DZ	FK	alzhir
АНГИЛЬЯ	AI	ANGIL'JA	angilya
АНГИЛЬЯ	AI	FYUBKMZ	angilya
АНГИЛЬЯ	AI	АНГИЛЬЯ	angilya
АНГИЛЬЯ	AI	ANGILIA	angilya
АНГОЛА	AO	FYUJKF	angola
АНГОЛА	AO	ANGOLA	angola
АНГОЛА	AO	АНГОЛА	angola
АНГОЛА	AO	ANGOLA	angola
АНДОРРА	AD	FYLJHHF	andorra
АНДОРРА	AD	АНДОРРА	andorra
АНДОРРА	AD	ANDORRA	andorra
АНДОРРА	AD	ANDORRA	andorra
АНТИГУА И БАРБУДА	AG	FYNBUEF	antigua
АНТИГУА И БАРБУДА	AG	АНТИГУА И БАРБУДА	antigua
АНТИГУА И БАРБУДА	AG	ANTIGUA I BARBUDA	antigua
АНТИГУА И БАРБУДА	AG	ANTIGUA	antigua
АНТИГУА И БАРБУДА	AG	ANTIGUA I BARBUDA	antigua
АНТИГУА И БАРБУДА	AG	ANTIGUA	antigua
АНТИГУА И БАРБУДА	AG	АНТИГУА	antigua
АНТИГУА И БАРБУДА	AG	FYNBUEF B FH,ELF	antigua
АРГЕНТИНА	AR	BU`ENOS-AJRES	argentina
АРГЕНТИНА	AR	ARGENTINA	argentina
АРГЕНТИНА	AR	АРГЕНТИНА	argentina
АРГЕНТИНА	AR	FHUTYNBYF	argentina
АРГЕНТИНА	AR	БУЭНОС-АЙРЕС	argentina
АРГЕНТИНА	AR	ARGENTINA	argentina
АРГЕНТИНА	AR	BUENOS-AIRES	argentina
АРГЕНТИНА	AR	E'YJC-FQHTC	argentina
АРМЕНИЯ	AM	ARMENIJA	armenija
АРМЕНИЯ	AM	FHVTYBZ	armenija
АРМЕНИЯ	AM	ARMENIIA	armenija
АРМЕНИЯ	AM	АРМЕНИЯ	armenija
АФГАНИСТАН	AF	AFGANISTAN	afganistan
АФГАНИСТАН	AF	AFGANISTAN	afganistan
АФГАНИСТАН	AF	FAUFYBCNFY	afganistan
АФГАНИСТАН	AF	АФГАНИСТАН	afganistan
БАГАМЫ	BS	FUFVS	bagamy
БАГАМЫ	BS	BAGAMY	bagamy
БАГАМЫ	BS	BAGAMSKIE OSTROVA	bagamy
БАГАМЫ	BS	BAGAMY	bagamy
БАГАМЫ	BS	FUFVCRBT JCNHJDF	bagamy
БАГАМЫ	BS	BAGAMSKIE OSTROVA	bagamy
БАГАМЫ	BS	БАГАМСКИЕ ОСТРОВА	bagamy
БАГАМЫ	BS	БАГАМЫ	bagamy
БАНГЛАДЕШ	BD	FYUKFLTI	bangladesh
БАНГЛАДЕШ	BD	БАНГЛАДЕШ	bangladesh
БАНГЛАДЕШ	BD	BANGLADESH	bangladesh
БАНГЛАДЕШ	BD	BANGLADESH	bangladesh
БАРБАДОС	BB	FH,FLJC	barbados
БАРБАДОС	BB	BARBADOS	barbados
БАРБАДОС	BB	BARBADOS	barbados
БАРБАДОС	BB	БАРБАДОС	barbados
БАХРЕЙН	BH	BAHREJN	bahrejn
БАХРЕЙН	BH	BAKHREIN	bahrejn
БАХРЕЙН	BH	БАХРЕЙН	bahrejn
БАХРЕЙН	BH	F[HTQY	bahrejn
БЕЛАРУСЬ	BY	BELARUS'	belarus
БЕЛАРУСЬ	BY	BELARUS	belarus
БЕЛАРУСЬ	BY	БЕЛАРУСЬ	belarus
БЕЛАРУСЬ	BY	TKFHECM	belarus
БЕЛИЗ	BZ	BELIZ	beliz
БЕЛИЗ	BZ	БЕЛИЗ	beliz
БЕЛИЗ	BZ	BELIZ	beliz
БЕЛИЗ	BZ	TKBP	beliz
БЕЛЬГИЯ	BE	TKMUBZ	belgiia
БЕЛЬГИЯ	BE	BELGIIA	belgiia
БЕЛЬГИЯ	BE	БЕЛЬГИЯ	belgiia
БЕЛЬГИЯ	BE	BEL'GIJA	belgiia
БЕНИН	BJ	BENIN	benin
БЕНИН	BJ	BENIN	benin
БЕНИН	BJ	БЕНИН	benin
БЕНИН	BJ	TYBY	benin
БЕРМУДЫ	BM	BERMUDY	bermudy
БЕРМУДЫ	BM	БЕРМУДЫ	bermudy
БЕРМУДЫ	BM	THVELS	bermudy
БЕРМУДЫ	BM	BERMUDY	bermudy
БОЛГАРИЯ	BG	JKUFHBZ	bolgarija
БОЛГАРИЯ	BG	БОЛГАРИЯ	bolgarija
БОЛГАРИЯ	BG	BOLGARIJA	bolgarija
БОЛГАРИЯ	BG	BOLGARIIA	bolgarija
БОЛИВИЯ МНОГОНАЦИОНАЛЬНОЕ ГОСУДАРСТВО	BO	JKBDBZ VYJUJYFWBJYFKMYJT UJCELFHCNDJ	bolivija
БОЛИВИЯ МНОГОНАЦИОНАЛЬНОЕ ГОСУДАРСТВО	BO	BOLIVIJA MNOGONATSIONAL'NOE GOSUDAR	bolivija
БОЛИВИЯ МНОГОНАЦИОНАЛЬНОЕ ГОСУДАРСТВО	BO	BOLIVIIA MNOGONATSIONALNOE GOSUDARSTVO	bolivija
БОЛИВИЯ МНОГОНАЦИОНАЛЬНОЕ ГОСУДАРСТВО	BO	БОЛИВИЯ МНОГОНАЦИОНАЛЬНОЕ ГОСУДАРСТВО	bolivija
БОСНИЯ И ГЕРЦЕГОВИНА	BA	BOSNIJA I GERTSEGOVINA	bosnija
БОСНИЯ И ГЕРЦЕГОВИНА	BA	BOSNIJA-GERTSEGOVINA	bosnija
БОСНИЯ И ГЕРЦЕГОВИНА	BA	BOSNIIA-GERTSEGOVINA	bosnija
БОСНИЯ И ГЕРЦЕГОВИНА	BA	БОСНИЯ И ГЕРЦЕГОВИНА	bosnija
БОСНИЯ И ГЕРЦЕГОВИНА	BA	БОСНИЯ-ГЕРЦЕГОВИНА	bosnija
БОСНИЯ И ГЕРЦЕГОВИНА	BA	JCYBZ B UTHWTUJDBYF	bosnija
БОСНИЯ И ГЕРЦЕГОВИНА	BA	BOSNIIA I GERTSEGOVINA	bosnija
БОСНИЯ И ГЕРЦЕГОВИНА	BA	JCYBZ-UTHWTUJDBYF	bosnija
БОТСВАНА	BW	JNCDFYF	botsvana
БОТСВАНА	BW	BOTSVANA	botsvana
БОТСВАНА	BW	БОТСВАНА	botsvana
БОТСВАНА	BW	BOTSVANA	botsvana
БРАЗИЛИЯ	BR	HFPBKBF	brazilija
БРАЗИЛИЯ	BR	BRAZILIJA	brazilija
БРАЗИЛИЯ	BR	БРАЗИЛИА	brazilija
БРАЗИЛИЯ	BR	БРАЗИЛИЯ	brazilija
БРАЗИЛИЯ	BR	BRAZILIA	brazilija
БРАЗИЛИЯ	BR	HFPBKBZ	brazilija
БРАЗИЛИЯ	BR	BRAZILIIA	brazilija
БРУНЕЙ-ДАРУССАЛАМ	BN	БРУНЕЙ	brunei
БРУНЕЙ-ДАРУССАЛАМ	BN	БРУНЕЙ-ДАРУССАЛАМ	brunei
БРУНЕЙ-ДАРУССАЛАМ	BN	BRUNEI	brunei
БРУНЕЙ-ДАРУССАЛАМ	BN	BRUNEJ	brunei
БРУНЕЙ-ДАРУССАЛАМ	BN	HEYTQ	brunei
БРУНЕЙ-ДАРУССАЛАМ	BN	BRUNEI-DARUSSALAM	brunei
БРУНЕЙ-ДАРУССАЛАМ	BN	HEYTQ-LFHECCFKFV	brunei
БРУНЕЙ-ДАРУССАЛАМ	BN	BRUNEJ-DARUSSALAM	brunei
БУРКИНА-ФАСО	BF	BURKINA-FASO	burkina-faso
БУРКИНА-ФАСО	BF	BURKINA FASSO	burkina-faso
БУРКИНА-ФАСО	BF	EHRBYF-AFCJ	burkina-faso
БУРКИНА-ФАСО	BF	BURKINA FASSO	burkina-faso
БУРКИНА-ФАСО	BF	BURKINA-FASO	burkina-faso
БУРКИНА-ФАСО	BF	EHRBYF AFCCJ	burkina-faso
БУРКИНА-ФАСО	BF	БУРКИНА-ФАСО	burkina-faso
БУРКИНА-ФАСО	BF	БУРКИНА ФАССО	burkina-faso
БУРУНДИ	BI	EHEYLB	burundi
БУРУНДИ	BI	BURUNDI	burundi
БУРУНДИ	BI	БУРУНДИ	burundi
БУРУНДИ	BI	BURUNDI	burundi
БУТАН	BT	ENFY	butan
БУТАН	BT	BUTAN	butan
БУТАН	BT	БУТАН	butan
БУТАН	BT	BUTAN	butan
ВАНУАТУ	VU	ВАНУАТУ	vanuatu
ВАНУАТУ	VU	DFYEFNE	vanuatu
ВАНУАТУ	VU	VANUATU	vanuatu
ВАНУАТУ	VU	ВАНЬЯТУ	vanuatu
ВАНУАТУ	VU	DFYMZNE	vanuatu
ВАНУАТУ	VU	VANIATU	vanuatu
ВАНУАТУ	VU	VANUATU	vanuatu
ВАНУАТУ	VU	VAN'JATU	vanuatu
ВЕНГРИЯ	HU	VENGRIIA	vengriia
ВЕНГРИЯ	HU	ВЕНГРИЯ	vengriia
ВЕНГРИЯ	HU	VENGRIJA	vengriia
ВЕНГРИЯ	HU	DTYUHBZ	vengriia
ВЕНЕСУЭЛА БОЛИВАРИАНСКАЯ РЕСПУБЛИКА	VE	ВЕНЕСУЭЛА БОЛИВАРИАНСКАЯ РЕСПУБЛИКА	venesuella
ВЕНЕСУЭЛА БОЛИВАРИАНСКАЯ РЕСПУБЛИКА	VE	VENESUELLA	venesuella
ВЕНЕСУЭЛА БОЛИВАРИАНСКАЯ РЕСПУБЛИКА	VE	DTYTCE'KF JKBDFHBFYCRFZ HTCGE,KBRF	venesuella
ВЕНЕСУЭЛА БОЛИВАРИАНСКАЯ РЕСПУБЛИКА	VE	ВЕНЕСУЭЛЛА	venesuella
ВЕНЕСУЭЛА БОЛИВАРИАНСКАЯ РЕСПУБЛИКА	VE	DTYTCE'KKF	venesuella
ВЕНЕСУЭЛА БОЛИВАРИАНСКАЯ РЕСПУБЛИКА	VE	VENESU`ELA BOLIVARIANSKAJA RESPUBLIKA	venesuella
ВЕНЕСУЭЛА БОЛИВАРИАНСКАЯ РЕСПУБЛИКА	VE	VENESUELA BOLIVARIANSKAIA RESPUBLIKA	venesuella
ВЕНЕСУЭЛА БОЛИВАРИАНСКАЯ РЕСПУБЛИКА	VE	VENESU`ELLA	venesuella
ВЬЕТНАМ	VN	V'ETNAM	vetnam
ВЬЕТНАМ	VN	VETNAM	vetnam
ВЬЕТНАМ	VN	ВЬЕТНАМ	vetnam
ВЬЕТНАМ	VN	DMTNYFV	vetnam
ГАБОН	GA	ГАБОН	gabon
ГАБОН	GA	UF,JY	gabon
ГАБОН	GA	GABON	gabon
ГАВАЙСКИЕ ОСТРОВА	GA	GAVAISKIE OSTROVA	gavai
ГАВАЙСКИЕ ОСТРОВА	GA	GAVAI	gavai
ГАВАЙСКИЕ ОСТРОВА	GA	UFDFQCRBT JCNHJDF	gavai
ГАВАЙСКИЕ ОСТРОВА	GA	ГАВАИ	gavai
ГАВАЙСКИЕ ОСТРОВА	GA	GAVAI	gavai
ГАВАЙСКИЕ ОСТРОВА	GA	ГАВАЙСКИЕ ОСТРОВА	gavai
ГАВАЙСКИЕ ОСТРОВА	GA	UFDFB	gavai
ГАВАЙСКИЕ ОСТРОВА	GA	GAVAJSKIE OSTROVA	gavai
ГАИТИ	HT	UFBNB	gaiti
ГАИТИ	HT	ГАИТИ	gaiti
ГАИТИ	HT	GAITI	gaiti
ГАЙАНА	GY	GAIANA	gajana
ГАЙАНА	GY	UFQFYF	gajana
ГАЙАНА	GY	ГАЙАНА	gajana
ГАЙАНА	GY	GAJANA	gajana
ГАМБИЯ	GM	GAMBIJA	gambija
ГАМБИЯ	GM	ГАМБИЯ	gambija
ГАМБИЯ	GM	UFV,BZ	gambija
ГАМБИЯ	GM	GAMBIIA	gambija
ГАНА	GH	UFYF	gana
ГАНА	GH	ГАНА	gana
ГАНА	GH	GANA	gana
ГВАДЕЛУПА	GP	GVADELUPA	gvadelupa
ГВАДЕЛУПА	GP	UDFLTKEGF	gvadelupa
ГВАДЕЛУПА	GP	ГВАДЕЛУПА	gvadelupa
ГВАДЕЛУПА	GP	GVADELUPA	gvadelupa
ГВАТЕМАЛА	GT	GVATEMALA	gvatemala
ГВАТЕМАЛА	GT	ГВАТЕМАЛА	gvatemala
ГВАТЕМАЛА	GT	UDFNTVFKF	gvatemala
ГВИНЕЯ	GN	GVINEIA	gvineia
ГВИНЕЯ	GN	GVINEJA	gvineia
ГВИНЕЯ	GN	ГВИНЕЯ	gvineia
ГВИНЕЯ	GN	UDBYTZ	gvineia
ГВИНЕЯ-БИСАУ	GW	GVINEIA-BISAU	gvineia-bisau
ГВИНЕЯ-БИСАУ	GW	GVINEJA-BISAU	gvineia-bisau
ГВИНЕЯ-БИСАУ	GW	ГВИНЕЯ-БИСАУ	gvineia-bisau
ГВИНЕЯ-БИСАУ	GW	UDBYTZ-BCFE	gvineia-bisau
ГЕРМАНИЯ	DE	THKBY	germaniia
ГЕРМАНИЯ	DE	GERMANIIA	germaniia
ГЕРМАНИЯ	DE	UTHVFYBZ	germaniia
ГЕРМАНИЯ	DE	ГЕРМАНИЯ	germaniia
ГЕРМАНИЯ	DE	BERLIN	germaniia
ГЕРМАНИЯ	DE	GERMANIJA	germaniia
ГЕРМАНИЯ	DE	БЕРЛИН	germaniia
ГОНДУРАС	HN	ГОНДУРАС	gonduras
ГОНДУРАС	HN	UJYLEHFC	gonduras
ГОНДУРАС	HN	GONDURAS	gonduras
ГОНКОНГ	HK	UJYRJYU	gonkong
ГОНКОНГ	HK	ГОНКОНГ	gonkong
ГОНКОНГ	HK	GONKONG	gonkong
ГОНКОНГ	HK	GONKONG	gonkong
ГОНКОНГ	HK	ГОНКОНГ	gonkong
ГОНКОНГ	HK	GONKONG	gonkong
ГОНКОНГ	HK	UJYRJYU	gonkong
ГРЕНАДА	GD	ГРЕНАДА	grenada
ГРЕНАДА	GD	GRENADA	grenada
ГРЕНАДА	GD	UHTYFLF	grenada
ГРЕЦИЯ	GR	UHTWBZ	gretsija
ГРЕЦИЯ	GR	GRETSIJA	gretsija
ГРЕЦИЯ	GR	GRETSIIA	gretsija
ГРЕЦИЯ	GR	ГРЕЦИЯ	gretsija
ГРУЗИЯ	GE	UHEPBZ	gruzija
ГРУЗИЯ	GE	GRUZIJA	gruzija
ГРУЗИЯ	GE	GRUZIIA	gruzija
ГРУЗИЯ	GE	ГРУЗИЯ	gruzija
ГУАМ	GU	ГУАМ	guam
ГУАМ	GU	GUAM	guam
ГУАМ	GU	UEFV	guam
ДАНИЯ	DK	DANIIA	daniia
ДАНИЯ	DK	ДАНИЯ	daniia
ДАНИЯ	DK	DANIJA	daniia
ДАНИЯ	DK	LFYBZ	daniia
ДЖИБУТИ	DJ	B,ENB	dzhibuti
ДЖИБУТИ	DJ	ДЖИБУТИ	dzhibuti
ДЖИБУТИ	DJ	DZHIBUTI	dzhibuti
ДОМИНИКА	DM	DOMINIKA	dominika
ДОМИНИКА	DM	ДОМИНИКА	dominika
ДОМИНИКА	DM	LJVBYBRF	dominika
ДОМИНИКА	DM	DOMINIKA	dominika
ДОМИНИКАНСКАЯ РЕСПУБЛИКА	DO	ДОМИНИКАНСКАЯ РЕСПУБЛИКА	dominikana
ДОМИНИКАНСКАЯ РЕСПУБЛИКА	DO	DOMINIKANSKAJA RESPUBLIKA	dominikana
ДОМИНИКАНСКАЯ РЕСПУБЛИКА	DO	SANTO-DOMINGO	dominikana
ДОМИНИКАНСКАЯ РЕСПУБЛИКА	DO	CFYNJ-LJVBYUJ	dominikana
ДОМИНИКАНСКАЯ РЕСПУБЛИКА	DO	LJVBYBRFYCRFZ HTCGE,KBRF	dominikana
ДОМИНИКАНСКАЯ РЕСПУБЛИКА	DO	DOMINIKANSKAIA RESPUBLIKA	dominikana
ДОМИНИКАНСКАЯ РЕСПУБЛИКА	DO	САНТО-ДОМИНГО	dominikana
ЕГИПЕТ	EG	КАИР	egipet
ЕГИПЕТ	EG	KAIR	egipet
ЕГИПЕТ	EG	EGIPET	egipet
ЕГИПЕТ	EG	EGIPET	egipet
ЕГИПЕТ	EG	ЕГИПЕТ	egipet
ЕГИПЕТ	EG	TUBGTN	egipet
ЕГИПЕТ	EG	RFBH	egipet
ЗАМБИЯ	ZM	PFV,BZ	zambiia
ЗАМБИЯ	ZM	ZAMBIIA	zambiia
ЗАМБИЯ	ZM	ЗАМБИЯ	zambiia
ЗАМБИЯ	ZM	ZAMBIJA	zambiia
ЗИМБАБВЕ	ZW	{FHFHT	zimbabve
ЗИМБАБВЕ	ZW	PBV,F,DT	zimbabve
ЗИМБАБВЕ	ZW	ZIMBABVE	zimbabve
ЗИМБАБВЕ	ZW	KHARARE	zimbabve
ЗИМБАБВЕ	ZW	ЗИМБАБВЕ	zimbabve
ЗИМБАБВЕ	ZW	ХАРАРЕ	zimbabve
ЗИМБАБВЕ	ZW	ZIMBABVE	zimbabve
ЗИМБАБВЕ	ZW	HARARE	zimbabve
ИЗРАИЛЬ	IL	ИЕРУСАЛИМ	ierusalim
ИЗРАИЛЬ	IL	BTHECFKBV	ierusalim
ИЗРАИЛЬ	IL	IERUSALIM	ierusalim
ИЗРАИЛЬ	IL	IZRAIL	ierusalim
ИЗРАИЛЬ	IL	BPHFBKM	ierusalim
ИЗРАИЛЬ	IL	ИЗРАИЛЬ	ierusalim
ИЗРАИЛЬ	IL	IZRAIL'	ierusalim
ИНДИЯ	IN	NIU-DELI	indiia
ИНДИЯ	IN	BYLBZ	indiia
ИНДИЯ	IN	INDIIA	indiia
ИНДИЯ	IN	N'JU-DELI	indiia
ИНДИЯ	IN	ИНДИЯ	indiia
ИНДИЯ	IN	INDIJA	indiia
ИНДИЯ	IN	YM.-LTKB	indiia
ИНДИЯ	IN	НЬЮ-ДЕЛИ	indiia
ИНДОНЕЗИЯ	ID	INDONEZIJA	indonezija
ИНДОНЕЗИЯ	ID	FRFHNF	indonezija
ИНДОНЕЗИЯ	ID	ИНДОНЕЗИЯ	indonezija
ИНДОНЕЗИЯ	ID	BYLJYTPBZ	indonezija
ИНДОНЕЗИЯ	ID	INDONEZIIA	indonezija
ИНДОНЕЗИЯ	ID	DZHAKARTA	indonezija
ИНДОНЕЗИЯ	ID	ДЖАКАРТА	indonezija
ИОРДАНИЯ	JO	FVVFY	iordanija
ИОРДАНИЯ	JO	АММАН	iordanija
ИОРДАНИЯ	JO	IORDANIJA	iordanija
ИОРДАНИЯ	JO	IORDANIIA	iordanija
ИОРДАНИЯ	JO	BJHLFYBZ	iordanija
ИОРДАНИЯ	JO	ИОРДАНИЯ	iordanija
ИОРДАНИЯ	JO	AMMAN	iordanija
ИРАК	IQ	IRAK	irak
ИРАК	IQ	IRAK	irak
ИРАК	IQ	BHFR	irak
ИРАК	IQ	ИРАК	irak
ИРАН, ИСЛАМСКАЯ РЕСПУБЛИКА	IR	IRAN, ISLAMSKAIA RESPUBLIKA	iran
ИРАН, ИСЛАМСКАЯ РЕСПУБЛИКА	IR	BHFY	iran
ИРАН, ИСЛАМСКАЯ РЕСПУБЛИКА	IR	IRAN, ISLAMSKAJA RESPUBLIKA	iran
ИРАН, ИСЛАМСКАЯ РЕСПУБЛИКА	IR	IRAN	iran
ИРАН, ИСЛАМСКАЯ РЕСПУБЛИКА	IR	ИРАН, ИСЛАМСКАЯ РЕСПУБЛИКА	iran
ИРАН, ИСЛАМСКАЯ РЕСПУБЛИКА	IR	BHFY? BCKFVCRFZ HTCGE,KBRF	iran
ИРАН, ИСЛАМСКАЯ РЕСПУБЛИКА	IR	ТЕГЕРАН	iran
ИРАН, ИСЛАМСКАЯ РЕСПУБЛИКА	IR	ИРАН	iran
ИРАН, ИСЛАМСКАЯ РЕСПУБЛИКА	IR	NTUTHFY	iran
ИРАН, ИСЛАМСКАЯ РЕСПУБЛИКА	IR	IRAN	iran
ИРАН, ИСЛАМСКАЯ РЕСПУБЛИКА	IR	TEGERAN	iran
ИРЛАНДИЯ	IE	ИРЛАНДИЯ	irlandija
ИРЛАНДИЯ	IE	BHKFYLBZ	irlandija
ИРЛАНДИЯ	IE	IRLANDIJA	irlandija
ИРЛАНДИЯ	IE	IRLANDIIA	irlandija
ИСЛАНДИЯ	IS	ISLANDIJA	islandija
ИСЛАНДИЯ	IS	BCKFYLBZ	islandija
ИСЛАНДИЯ	IS	ISLANDIIA	islandija
ИСЛАНДИЯ	IS	ИСЛАНДИЯ	islandija
ИСПАНИЯ	ES	ИСПАНИЯ	ispaniia
ИСПАНИЯ	ES	ISPANIIA	ispaniia
ИСПАНИЯ	ES	МАДРИД	ispaniia
ИСПАНИЯ	ES	ISPANIJA	ispaniia
ИСПАНИЯ	ES	VFLHBL	ispaniia
ИСПАНИЯ	ES	BCGFYBZ	ispaniia
ИСПАНИЯ	ES	MADRID	ispaniia
ИТАЛИЯ	IT	BNFKBZ	italiia
ИТАЛИЯ	IT	HBV	italiia
ИТАЛИЯ	IT	ИТАЛИЯ	italiia
ИТАЛИЯ	IT	ITALIIA	italiia
ИТАЛИЯ	IT	RIM	italiia
ИТАЛИЯ	IT	РИМ	italiia
ИТАЛИЯ	IT	ITALIJA	italiia
ЙЕМЕН	YE	JEMEN	jemen
ЙЕМЕН	YE	CFYF	jemen
ЙЕМЕН	YE	IEMEN	jemen
ЙЕМЕН	YE	DEM. RESPUBLIKA IEMEN	jemen
ЙЕМЕН	YE	ДЕМ. РЕСПУБЛИКА ЙЕМЕН	jemen
ЙЕМЕН	YE	ЙЕМЕНСКАЯ АРАБСКАЯ РЕСПУБЛИКА	jemen
ЙЕМЕН	YE	SANA	jemen
ЙЕМЕН	YE	LTV/ HTCGE,KBRF QTVTY	jemen
ЙЕМЕН	YE	QTVTY	jemen
ЙЕМЕН	YE	DEM. RESPUBLIKA JEMEN	jemen
ЙЕМЕН	YE	САНА	jemen
ЙЕМЕН	YE	QTVTYCRFZ FHF,CRFZ HTCGE,KBRF	jemen
ЙЕМЕН	YE	ЙЕМЕН	jemen
ЙЕМЕН	YE	IEMENSKAIA ARABSKAIA RESPUBLIKA	jemen
ЙЕМЕН	YE	JEMENSKAJA ARABSKAJA RESPUBLIKA	jemen
КАБО-ВЕРДЕ	CV	КАБО ВЕРДЕ	kabo-verde
КАБО-ВЕРДЕ	CV	KABO VERDE	kabo-verde
КАБО-ВЕРДЕ	CV	КАБО-ВЕРДЕ	kabo-verde
КАБО-ВЕРДЕ	CV	KABO VERDE	kabo-verde
КАБО-ВЕРДЕ	CV	RF,J-DTHLT	kabo-verde
КАБО-ВЕРДЕ	CV	KABO-VERDE	kabo-verde
КАБО-ВЕРДЕ	CV	RF,J DTHLT	kabo-verde
КАБО-ВЕРДЕ	CV	KABO-VERDE	kabo-verde
КАЗАХСТАН	KZ	KAZAHSTAN	kazahstan
КАЗАХСТАН	KZ	RFPF[CNFY	kazahstan
КАЗАХСТАН	KZ	KAZAKHSTAN	kazahstan
КАЗАХСТАН	KZ	ASTANA	kazahstan
КАЗАХСТАН	KZ	FCNFYF	kazahstan
КАЗАХСТАН	KZ	КАЗАХСТАН	kazahstan
КАЗАХСТАН	KZ	АСТАНА	kazahstan
КАМБОДЖА	KH	RFV,JL	kambodzha
КАМБОДЖА	KH	КАМБОДЖА	kambodzha
КАМБОДЖА	KH	KAMBODZHA	kambodzha
КАМЕРУН	CM	KAMERUN	kamerun
КАМЕРУН	CM	RFVTHEY	kamerun
КАМЕРУН	CM	КАМЕРУН	kamerun
КАНАДА	CA	KANADA	kanada
КАНАДА	CA	RFYFLF	kanada
КАНАДА	CA	ОТТАВА	kanada
КАНАДА	CA	КАНАДА	kanada
КАНАДА	CA	JNNFDF	kanada
КАНАДА	CA	OTTAVA	kanada
КАНАДА	CA	KANADA	kanada
КАТАР	QA	ДОХА	katar
КАТАР	QA	DOKHA	katar
КАТАР	QA	КАТАР	katar
КАТАР	QA	DOHA	katar
КАТАР	QA	KATAR	katar
КАТАР	QA	KATAR	katar
КАТАР	QA	LJ[F	katar
КАТАР	QA	RFNFH	katar
КЕНИЯ	KE	KENIIA	keniia
КЕНИЯ	KE	NAIROBI	keniia
КЕНИЯ	KE	НАЙРОБИ	keniia
КЕНИЯ	KE	NAJROBI	keniia
КЕНИЯ	KE	KENIJA	keniia
КЕНИЯ	KE	RTYBZ	keniia
КЕНИЯ	KE	YFQHJ,B	keniia
КЕНИЯ	KE	КЕНИЯ	keniia
КИПР	CY	RBGH	kipr
КИПР	CY	KIPR	kipr
КИПР	CY	КИПР	kipr
КИРГИЗИЯ	KG	RBHUBPBZ	kirgiziia
КИРГИЗИЯ	KG	KYRGYZSTAN	kirgiziia
КИРГИЗИЯ	KG	КЫРГЫЗСТАН	kirgiziia
КИРГИЗИЯ	KG	КИРГИЗИЯ	kirgiziia
КИРГИЗИЯ	KG	KYRGYZSTAN	kirgiziia
КИРГИЗИЯ	KG	RSHUSPCNFY	kirgiziia
КИРГИЗИЯ	KG	KIRGIZIIA	kirgiziia
КИРГИЗИЯ	KG	KIRGIZIJA	kirgiziia
КИРИБАТИ	KI	KIRIBATI	kiribati
КИРИБАТИ	KI	RBHB,FNB	kiribati
КИРИБАТИ	KI	KIRIBATI	kiribati
КИРИБАТИ	KI	КИРИБАТИ	kiribati
КИТАЙ	CN	КИТАЙ	kitaj
КИТАЙ	CN	PEKIN	kitaj
КИТАЙ	CN	GTRBY	kitaj
КИТАЙ	CN	ПЕКИН	kitaj
КИТАЙ	CN	KITAI	kitaj
КИТАЙ	CN	KITAJ	kitaj
КИТАЙ	CN	RBNFQ	kitaj
КОЛУМБИЯ	CO	КОЛУМБИЯ	kolumbiia
КОЛУМБИЯ	CO	KOLUMBIIA	kolumbiia
КОЛУМБИЯ	CO	RJKEV,BZ	kolumbiia
КОЛУМБИЯ	CO	KOLUMBIJA	kolumbiia
КОМОРЫ	KM	KOMORSKIE OSTROVA	komory
КОМОРЫ	KM	RJVJHCRBT JCNHJDF	komory
КОМОРЫ	KM	RJVJHS	komory
КОМОРЫ	KM	КОМОРЫ	komory
КОМОРЫ	KM	КОМОРСКИЕ ОСТРОВА	komory
КОМОРЫ	KM	КОМОРОС	komory
КОМОРЫ	KM	KOMORSKIE OSTROVA	komory
КОМОРЫ	KM	KOMOROS	komory
КОМОРЫ	KM	RJVJHJC	komory
КОМОРЫ	KM	KOMORY	komory
КОМОРЫ	KM	KOMORY	komory
КОМОРЫ	KM	KOMOROS	komory
КОНГО	CD	ДЕМОКРАТИЧЕСКАЯ РЕСПУБЛИКА КОНГО	kongo
КОНГО	CD	KONGO	kongo
КОНГО	CD	KONGO	kongo
КОНГО	CD	DEMOKRATICHESKAJA RESPUBLIKA KONGO	kongo
КОНГО	CD	DEMOKRATICHESKAIA RESPUBLIKA KONGO	kongo
КОНГО	CD	RJYUJ	kongo
КОНГО	CD	КОНГО	kongo
КОНГО	CD	LTVJRHFNBXTCRFZ HTCGE,KBRF RJYUJ	kongo
КОРЕЯ, НАРОДНО-ДЕМОКРАТИЧЕСКАЯ РЕСП.	KP	SEVERNAIA KOREIA	kndr
КОРЕЯ, НАРОДНО-ДЕМОКРАТИЧЕСКАЯ РЕСП.	KP	КНДР	kndr
КОРЕЯ, НАРОДНО-ДЕМОКРАТИЧЕСКАЯ РЕСП.	KP	RJHTZ? YFHJLYJ-LTVJRHFNBXTCRFZ HTCG/	kndr
КОРЕЯ, НАРОДНО-ДЕМОКРАТИЧЕСКАЯ РЕСП.	KP	KOREIA, NARODNO-DEMOKRATICHESKAIA RESP.	kndr
КОРЕЯ, НАРОДНО-ДЕМОКРАТИЧЕСКАЯ РЕСП.	KP	KNDR	kndr
КОРЕЯ, НАРОДНО-ДЕМОКРАТИЧЕСКАЯ РЕСП.	KP	КОРЕЯ СЕВЕРНАЯ	kndr
КОРЕЯ, НАРОДНО-ДЕМОКРАТИЧЕСКАЯ РЕСП.	KP	RYLH	kndr
КОРЕЯ, НАРОДНО-ДЕМОКРАТИЧЕСКАЯ РЕСП.	KP	RJHTZ CTDTHYFZ	kndr
КОРЕЯ, НАРОДНО-ДЕМОКРАТИЧЕСКАЯ РЕСП.	KP	KOREJA, NARODNO-DEMOKRATICHESKAJA RESP.	kndr
КОРЕЯ, НАРОДНО-ДЕМОКРАТИЧЕСКАЯ РЕСП.	KP	KOREJA SEVERNAJA	kndr
КОРЕЯ, НАРОДНО-ДЕМОКРАТИЧЕСКАЯ РЕСП.	KP	KOREIA SEVERNAIA	kndr
КОРЕЯ, НАРОДНО-ДЕМОКРАТИЧЕСКАЯ РЕСП.	KP	KNDR	kndr
КОРЕЯ, НАРОДНО-ДЕМОКРАТИЧЕСКАЯ РЕСП.	KP	КОРЕЯ, НАРОДНО-ДЕМОКРАТИЧЕСКАЯ РЕСП.	kndr
КОРЕЯ, НАРОДНО-ДЕМОКРАТИЧЕСКАЯ РЕСП.	KP	CTDTHYFZ RJHTZ	kndr
КОРЕЯ, НАРОДНО-ДЕМОКРАТИЧЕСКАЯ РЕСП.	KP	СЕВЕРНАЯ КОРЕЯ	kndr
КОРЕЯ, НАРОДНО-ДЕМОКРАТИЧЕСКАЯ РЕСП.	KP	SEVERNAJA KOREJA	kndr
КОРЕЯ, РЕСПУБЛИКА	KR	IUZHNAIA KOREIA	koreia
КОРЕЯ, РЕСПУБЛИКА	KR	КОРЕЯ, РЕСПУБЛИКА	koreia
КОРЕЯ, РЕСПУБЛИКА	KR	JUZHNAJA KOREJA	koreia
КОРЕЯ, РЕСПУБЛИКА	KR	RJHTZ? HTCGE,KBRF	koreia
КОРЕЯ, РЕСПУБЛИКА	KR	SEUL	koreia
КОРЕЯ, РЕСПУБЛИКА	KR	ЮЖНАЯ КОРЕЯ	koreia
КОРЕЯ, РЕСПУБЛИКА	KR	KOREIA, RESPUBLIKA	koreia
КОРЕЯ, РЕСПУБЛИКА	KR	СЕУЛ	koreia
КОРЕЯ, РЕСПУБЛИКА	KR	KOREIA IUZHNAIA	koreia
КОРЕЯ, РЕСПУБЛИКА	KR	CTEK	koreia
КОРЕЯ, РЕСПУБЛИКА	KR	YFZ RJHTZ	koreia
КОРЕЯ, РЕСПУБЛИКА	KR	YFZ	koreia
КОРЕЯ, РЕСПУБЛИКА	KR	КОРЕЯ ЮЖНАЯ	koreia
КОРЕЯ, РЕСПУБЛИКА	KR	KOREJA, RESPUBLIKA	koreia
КОРЕЯ, РЕСПУБЛИКА	KR	KOREJA JUZHNAJA	koreia
КОСТА-РИКА	CR	КОСТА-РИКА	kosta-rika
КОСТА-РИКА	CR	KOSTA-RIKA	kosta-rika
КОСТА-РИКА	CR	KOSTA-RIKA	kosta-rika
КОСТА-РИКА	CR	RJCNF-HBRF	kosta-rika
КОТ Д'ИВУАР	CI	KOT-D'IVUAR	kot-divuar
КОТ Д'ИВУАР	CI	THTU CKJYJDJQ RJCNB	kot-divuar
КОТ Д'ИВУАР	CI	RJN L'BDEFH	kot-divuar
КОТ Д'ИВУАР	CI	RJN-L'DEFH	kot-divuar
КОТ Д'ИВУАР	CI	BEREG SLONOVOI KOSTI	kot-divuar
КОТ Д'ИВУАР	CI	KOT D'IVUAR	kot-divuar
КОТ Д'ИВУАР	CI	KOT D'IVUAR	kot-divuar
КОТ Д'ИВУАР	CI	КОТ-Д'ИВУАР	kot-divuar
КОТ Д'ИВУАР	CI	КОТ Д'ИВУАР	kot-divuar
КОТ Д'ИВУАР	CI	BEREG SLONOVOJ KOSTI	kot-divuar
КОТ Д'ИВУАР	CI	БЕРЕГ СЛОНОВОЙ КОСТИ	kot-divuar
КОТ Д'ИВУАР	CI	KOT-D'IVUAR	kot-divuar
КУБА	CU	KUBA	kuba
КУБА	CU	КУБА	kuba
КУБА	CU	RE,F	kuba
КУБА	CU	ГАВАНА	kuba
КУБА	CU	KUBA	kuba
КУБА	CU	GAVANA	kuba
КУБА	CU	UFDFYF	kuba
КУВЕЙТ	KW	КУВЕЙТ	kuveit
КУВЕЙТ	KW	KUVEIT	kuveit
КУВЕЙТ	KW	REDTQN	kuveit
КУВЕЙТ	KW	KUVEJT	kuveit
ЛАОССКАЯ НАРОДНО-ДЕМОКРАТИЧЕСКАЯ РЕСП.	LA	LAOS	laos
ЛАОССКАЯ НАРОДНО-ДЕМОКРАТИЧЕСКАЯ РЕСП.	LA	LAOS	laos
ЛАОССКАЯ НАРОДНО-ДЕМОКРАТИЧЕСКАЯ РЕСП.	LA	LAOSSKAJA NARODNO-DEMOKRATICHESKAJA RESP	laos
ЛАОССКАЯ НАРОДНО-ДЕМОКРАТИЧЕСКАЯ РЕСП.	LA	KFJC	laos
ЛАОССКАЯ НАРОДНО-ДЕМОКРАТИЧЕСКАЯ РЕСП.	LA	ЛАОС	laos
ЛАОССКАЯ НАРОДНО-ДЕМОКРАТИЧЕСКАЯ РЕСП.	LA	KFJCCRFZ YFHJLYJ-LTVJRHFNBXTCRFZ HTCG/	laos
ЛАОССКАЯ НАРОДНО-ДЕМОКРАТИЧЕСКАЯ РЕСП.	LA	LAOSSKAIA NARODNO-DEMOKRATICHESKAIA RESP	laos
ЛАОССКАЯ НАРОДНО-ДЕМОКРАТИЧЕСКАЯ РЕСП.	LA	ЛАОССКАЯ НАРОДНО-ДЕМОКРАТИЧЕСКАЯ РЕСП.	laos
ЛАТВИЯ	LV	LATVIJA	latvija
ЛАТВИЯ	LV	ЛАТВИЯ	latvija
ЛАТВИЯ	LV	KFNDBZ	latvija
ЛАТВИЯ	LV	LATVIIA	latvija
ЛЕСОТО	LS	ЛЕСОТО	lesoto
ЛЕСОТО	LS	LESOTO	lesoto
ЛЕСОТО	LS	LESOTO	lesoto
ЛЕСОТО	LS	KTCJNJ	lesoto
ЛИБЕРИЯ	LR	LIBERIJA	liberija
ЛИБЕРИЯ	LR	KB,THBZ	liberija
ЛИБЕРИЯ	LR	LIBERIIA	liberija
ЛИБЕРИЯ	LR	ЛИБЕРИЯ	liberija
ЛИВАН	LB	KBDFY	livan
ЛИВАН	LB	LIVAN	livan
ЛИВАН	LB	LIVAN	livan
ЛИВАН	LB	ЛИВАН	livan
ЛИВАН	LB	BEIRUT	livan
ЛИВАН	LB	БЕЙРУТ	livan
ЛИВАН	LB	BEJRUT	livan
ЛИВАН	LB	TQHEN	livan
ЛИТВА	LT	LITVA	litva
ЛИТВА	LT	KBNDF	litva
ЛИТВА	LT	LITVA	litva
ЛИТВА	LT	ЛИТВА	litva
ЛИХТЕНШТЕЙН	LI	ЛИХТЕНШТЕЙН	lihtenshtejn
ЛИХТЕНШТЕЙН	LI	KB[NTYINTQY	lihtenshtejn
ЛИХТЕНШТЕЙН	LI	LIHTENSHTEJN	lihtenshtejn
ЛИХТЕНШТЕЙН	LI	LIKHTENSHTEIN	lihtenshtejn
ЛЮКСЕМБУРГ	LU	LIUKSEMBURG	liuksemburg
ЛЮКСЕМБУРГ	LU	LJUKSEMBURG	liuksemburg
ЛЮКСЕМБУРГ	LU	K.RCTV,EHU	liuksemburg
ЛЮКСЕМБУРГ	LU	ЛЮКСЕМБУРГ	liuksemburg
МАВРИКИЙ	MU	MAVRIKIJ	mavrikij
МАВРИКИЙ	MU	MAVRIKII	mavrikij
МАВРИКИЙ	MU	VFDHBRBQ	mavrikij
МАВРИКИЙ	MU	МАВРИКИЙ	mavrikij
МАВРИТАНИЯ	MR	VFDHBNFYBZ	mavritaniia
МАВРИТАНИЯ	MR	MAVRITANIIA	mavritaniia
МАВРИТАНИЯ	MR	MAVRITANIJA	mavritaniia
МАВРИТАНИЯ	MR	МАВРИТАНИЯ	mavritaniia
МАДАГАСКАР	MG	MADAGASKAR	madagaskar
МАДАГАСКАР	MG	VFLFUFCRFH	madagaskar
МАДАГАСКАР	MG	МАДАГАСКАР	madagaskar
МАДАГАСКАР	MG	MADAGASKAR	madagaskar
МАКАО	MO	MAKAO	makao
МАКАО	MO	MAKAO	makao
МАКАО	MO	VFRFJ	makao
МАКАО	MO	МАКАО	makao
МАЛАВИ	MW	VFKFDB	malavi
МАЛАВИ	MW	МАЛАВИ	malavi
МАЛАВИ	MW	MALAVI	malavi
МАЛАВИ	MW	MALAVI	malavi
МАЛАЙЗИЯ	MY	MALAIZIIA	malaiziia
МАЛАЙЗИЯ	MY	КУАЛА-ЛУМПУР	malaiziia
МАЛАЙЗИЯ	MY	МАЛАЙЗИЯ	malaiziia
МАЛАЙЗИЯ	MY	MALAJZIJA	malaiziia
МАЛАЙЗИЯ	MY	VFKFQPBZ	malaiziia
МАЛАЙЗИЯ	MY	KUALA-LUMPUR	malaiziia
МАЛАЙЗИЯ	MY	REFKF-KEVGEH	malaiziia
МАЛИ	ML	MALI	mali
МАЛИ	ML	МАЛИ	mali
МАЛИ	ML	VFKB	mali
МАЛИ	ML	MALI	mali
МАЛЬДИВЫ	MV	VFKMLBDS	maldivy
МАЛЬДИВЫ	MV	MAL'DIVY	maldivy
МАЛЬДИВЫ	MV	MALDIVY	maldivy
МАЛЬДИВЫ	MV	МАЛЬДИВЫ	maldivy
МАЛЬТА	MT	MALTA	malta
МАЛЬТА	MT	VFKMNF	malta
МАЛЬТА	MT	МАЛЬТА	malta
МАЛЬТА	MT	MAL'TA	malta
МАРОККО	MA	MAROKKO	marokko
МАРОККО	MA	MAROKKO	marokko
МАРОККО	MA	МАРОККО	marokko
МАРОККО	MA	РАБАТ	marokko
МАРОККО	MA	RABAT	marokko
МАРОККО	MA	VFHJRRJ	marokko
МАРОККО	MA	HF,FN	marokko
МАРТИНИКА	MQ	MARTINIKA	martinika
МАРТИНИКА	MQ	MARTINIKA	martinika
МАРТИНИКА	MQ	МАРТИНИКА	martinika
МАРТИНИКА	MQ	VFHNBYBRF	martinika
МАРШАЛЛОВЫ ОСТРОВА	MH	МАРШАЛЛОВЫ ОСТРОВА	marshallovy
МАРШАЛЛОВЫ ОСТРОВА	MH	MARSHALOVY O-VA (SSHA)	marshallovy
МАРШАЛЛОВЫ ОСТРОВА	MH	VFHIFKJDS J-DF (CIF)	marshallovy
МАРШАЛЛОВЫ ОСТРОВА	MH	MARSHALLOVY OSTROVA	marshallovy
МАРШАЛЛОВЫ ОСТРОВА	MH	MARSHALLOVY OSTROVA	marshallovy
МАРШАЛЛОВЫ ОСТРОВА	MH	МАРШАЛОВЫ О-ВА (США)	marshallovy
МАРШАЛЛОВЫ ОСТРОВА	MH	VFHIFKKJDS JCNHJDF	marshallovy
МАРШАЛЛОВЫ ОСТРОВА	MH	MARSHALOVY O-VA (SSHA)	marshallovy
МЕКСИКА	MX	МЕКСИКА	meksika
МЕКСИКА	MX	VT[BRJ	meksika
МЕКСИКА	MX	MEKSIKA	meksika
МЕКСИКА	MX	MEHIKO	meksika
МЕКСИКА	MX	МЕХИКО	meksika
МЕКСИКА	MX	VTRCBRF	meksika
МЕКСИКА	MX	MEKSIKA	meksika
МЕКСИКА	MX	MEKHIKO	meksika
МОЗАМБИК	MZ	VFGENE	mozambik
МОЗАМБИК	MZ	МАПУТУ	mozambik
МОЗАМБИК	MZ	MAPUTU	mozambik
МОЗАМБИК	MZ	MOZAMBIK	mozambik
МОЗАМБИК	MZ	MOZAMBIK	mozambik
МОЗАМБИК	MZ	VJPFV,BR	mozambik
МОЗАМБИК	MZ	МОЗАМБИК	mozambik
МОЛДОВА, РЕСПУБЛИКА	MD	MOLDAVIIA	moldaviia
МОЛДОВА, РЕСПУБЛИКА	MD	МОЛДОВА	moldaviia
МОЛДОВА, РЕСПУБЛИКА	MD	VJKLJDF? HTCGE,KBRF	moldaviia
МОЛДОВА, РЕСПУБЛИКА	MD	VJKLFDBZ	moldaviia
МОЛДОВА, РЕСПУБЛИКА	MD	MOLDOVA, RESPUBLIKA	moldaviia
МОЛДОВА, РЕСПУБЛИКА	MD	МОЛДОВА, РЕСПУБЛИКА	moldaviia
МОЛДОВА, РЕСПУБЛИКА	MD	МОЛДАВИЯ	moldaviia
МОЛДОВА, РЕСПУБЛИКА	MD	MOLDOVA	moldaviia
МОЛДОВА, РЕСПУБЛИКА	MD	VJKLJDF	moldaviia
МОЛДОВА, РЕСПУБЛИКА	MD	MOLDOVA	moldaviia
МОЛДОВА, РЕСПУБЛИКА	MD	MOLDAVIJA	moldaviia
МОЛДОВА, РЕСПУБЛИКА	MD	MOLDOVA, RESPUBLIKA	moldaviia
МОНАКО	MC	VJYFRJ	monako
МОНАКО	MC	MONAKO	monako
МОНАКО	MC	MONAKO	monako
МОНАКО	MC	МОНАКО	monako
МОНГОЛИЯ	MN	VJYUJKBZ	mongoliia
МОНГОЛИЯ	MN	МОНГОЛИЯ	mongoliia
МОНГОЛИЯ	MN	MONGOLIIA	mongoliia
МОНГОЛИЯ	MN	MONGOLIJA	mongoliia
МЬЯНМА	MM	VMZYVF	mianma
МЬЯНМА	MM	M'JANMA	mianma
МЬЯНМА	MM	MIANMA	mianma
МЬЯНМА	MM	МЬЯНМА	mianma
НАМИБИЯ	NA	NAMIBIJA	namibija
НАМИБИЯ	NA	НАМИБИЯ	namibija
НАМИБИЯ	NA	NAMIBIIA	namibija
НАМИБИЯ	NA	YFVB,BZ	namibija
НАУРУ	NR	NAURU	nauru
НАУРУ	NR	YFEHE	nauru
НАУРУ	NR	НАУРУ	nauru
НАУРУ	NR	NAURU	nauru
НЕПАЛ	NP	YTGFK	nepal
НЕПАЛ	NP	NEPAL	nepal
НЕПАЛ	NP	НЕПАЛ	nepal
НЕПАЛ	NP	NEPAL	nepal
НИГЕР	NE	НИГЕР	niger
НИГЕР	NE	NIGER	niger
НИГЕР	NE	NIGER	niger
НИГЕР	NE	YBUTH	niger
НИГЕРИЯ	NG	NIGERIIA	nigeriia
НИГЕРИЯ	NG	YBUTHBZ	nigeriia
НИГЕРИЯ	NG	NIGERIJA	nigeriia
НИГЕРИЯ	NG	НИГЕРИЯ	nigeriia
НИДЕРЛАНДЫ	NL	GOLLANDIJA	niderlandy
НИДЕРЛАНДЫ	NL	НИДЕРЛАНДЫ	niderlandy
НИДЕРЛАНДЫ	NL	NIDERLANDY	niderlandy
НИДЕРЛАНДЫ	NL	YBLTHKFYLS	niderlandy
НИДЕРЛАНДЫ	NL	ГОЛЛАНДИЯ	niderlandy
НИДЕРЛАНДЫ	NL	NIDERLANDY	niderlandy
НИДЕРЛАНДЫ	NL	GOLLANDIIA	niderlandy
НИДЕРЛАНДЫ	NL	UJKKFYLBZ	niderlandy
НИКАРАГУА	NI	YBRFHFUEF	nikaragua
НИКАРАГУА	NI	NIKARAGUA	nikaragua
НИКАРАГУА	NI	НИКАРАГУА	nikaragua
НИКАРАГУА	NI	NIKARAGUA	nikaragua
НОВАЯ ЗЕЛАНДИЯ	NZ	НОВАЯ ЗЕЛАНДИЯ	zelandiia
НОВАЯ ЗЕЛАНДИЯ	NZ	NOVAIA ZELANDIIA	zelandiia
НОВАЯ ЗЕЛАНДИЯ	NZ	YJDFZ PTKFYLBZ	zelandiia
НОВАЯ ЗЕЛАНДИЯ	NZ	NOVAJA ZELANDIJA	zelandiia
НОРВЕГИЯ	NO	ОСЛО	norvegija
НОРВЕГИЯ	NO	JCKJ	norvegija
НОРВЕГИЯ	NO	НОРВЕГИЯ	norvegija
НОРВЕГИЯ	NO	YJHDTUBZ	norvegija
НОРВЕГИЯ	NO	NORVEGIJA	norvegija
НОРВЕГИЯ	NO	NORVEGIIA	norvegija
НОРВЕГИЯ	NO	OSLO	norvegija
ОБЪЕДИНЕННЫЕ АРАБСКИЕ ЭМИРАТЫ	AE	ARABSKIE EMIRATY	oae
ОБЪЕДИНЕННЫЕ АРАБСКИЕ ЭМИРАТЫ	AE	АБУ-ДАБИ	oae
ОБЪЕДИНЕННЫЕ АРАБСКИЕ ЭМИРАТЫ	AE	OBIEEDINENNYE ARABSKIE EMIRATY	oae
ОБЪЕДИНЕННЫЕ АРАБСКИЕ ЭМИРАТЫ	AE	ОБЪЕДИНЕННЫЕ АРАБСКИЕ ЭМИРАТЫ	oae
ОБЪЕДИНЕННЫЕ АРАБСКИЕ ЭМИРАТЫ	AE	ОАЭ	oae
ОБЪЕДИНЕННЫЕ АРАБСКИЕ ЭМИРАТЫ	AE	АРАБСКИЕ ЭМИРАТЫ	oae
ОБЪЕДИНЕННЫЕ АРАБСКИЕ ЭМИРАТЫ	AE	JF'	oae
ОБЪЕДИНЕННЫЕ АРАБСКИЕ ЭМИРАТЫ	AE	"J,]TLBYTYYST FHF,CRBT ""VBHFNS"	oae
ОБЪЕДИНЕННЫЕ АРАБСКИЕ ЭМИРАТЫ	AE	"FHF,CRBT ""VBHFNS"	oae
ОБЪЕДИНЕННЫЕ АРАБСКИЕ ЭМИРАТЫ	AE	F,E-LF,B	oae
ОБЪЕДИНЕННЫЕ АРАБСКИЕ ЭМИРАТЫ	AE	OA`E	oae
ОБЪЕДИНЕННЫЕ АРАБСКИЕ ЭМИРАТЫ	AE	OAE	oae
ОБЪЕДИНЕННЫЕ АРАБСКИЕ ЭМИРАТЫ	AE	"OB""EDINENNYE ARABSKIE `EMIRATY"	oae
ОБЪЕДИНЕННЫЕ АРАБСКИЕ ЭМИРАТЫ	AE	ABU-DABI	oae
ОБЪЕДИНЕННЫЕ АРАБСКИЕ ЭМИРАТЫ	AE	ARABSKIE `EMIRATY	oae
ОМАН	OM	OMAN	oman
ОМАН	OM	OMAN	oman
ОМАН	OM	ОМАН	oman
ОМАН	OM	МАСКАТ	oman
ОМАН	OM	JVFY	oman
ОМАН	OM	MASKAT	oman
ОМАН	OM	VFCRFN	oman
ПАКИСТАН	PK	PAKISTAN	pakistan
ПАКИСТАН	PK	PAKISTAN	pakistan
ПАКИСТАН	PK	ПАКИСТАН	pakistan
ПАКИСТАН	PK	GFRBCNFY	pakistan
ПАЛАУ	PW	PALAU	palau
ПАЛАУ	PW	GFKFE	palau
ПАЛАУ	PW	ПАЛАУ	palau
ПАЛАУ	PW	PALAU	palau
ПАНАМА	PA	PANAMA	panama
ПАНАМА	PA	ПАНАМА	panama
ПАНАМА	PA	PANAMA	panama
ПАНАМА	PA	GFYFVF	panama
ПАПУА-НОВАЯ ГВИНЕЯ	PG	ПАПУА-НОВАЯ ГВИНЕЯ	papua
ПАПУА-НОВАЯ ГВИНЕЯ	PG	PAPUA-NOVAJA GVINEJA	papua
ПАПУА-НОВАЯ ГВИНЕЯ	PG	PAPUA-NOVAIA GVINEIA	papua
ПАПУА-НОВАЯ ГВИНЕЯ	PG	GFGEF-YJDFZ UDBYTZ	papua
ПАПУА-НОВАЯ ГВИНЕЯ	PG	PAPUA NOVAJA GVINEJA	papua
ПАПУА-НОВАЯ ГВИНЕЯ	PG	PAPUA NOVAIA GVINEIA	papua
ПАПУА-НОВАЯ ГВИНЕЯ	PG	GFGEF YJDFZ UDBYTZ	papua
ПАПУА-НОВАЯ ГВИНЕЯ	PG	ПАПУА НОВАЯ ГВИНЕЯ	papua
ПАРАГВАЙ	PY	ПАРАГВАЙ	paragvai
ПАРАГВАЙ	PY	PARAGVAI	paragvai
ПАРАГВАЙ	PY	GFHFUDFQ	paragvai
ПАРАГВАЙ	PY	PARAGVAJ	paragvai
ПЕРУ	PE	GTHE	peru
ПЕРУ	PE	KBVF	peru
ПЕРУ	PE	ПЕРУ	peru
ПЕРУ	PE	PERU	peru
ПЕРУ	PE	ЛИМА	peru
ПЕРУ	PE	PERU	peru
ПЕРУ	PE	LIMA	peru
ПОЛЬША	PL	POLSHA	polsha
ПОЛЬША	PL	ВАРШАВА	polsha
ПОЛЬША	PL	GJKMIF	polsha
ПОЛЬША	PL	POL'SHA	polsha
ПОЛЬША	PL	DFHIFDF	polsha
ПОЛЬША	PL	ПОЛЬША	polsha
ПОЛЬША	PL	VARSHAVA	polsha
ПОРТУГАЛИЯ	PT	PORTUGALIIA	portugaliia
ПОРТУГАЛИЯ	PT	PORTUGALIJA	portugaliia
ПОРТУГАЛИЯ	PT	ПОРТУГАЛИЯ	portugaliia
ПОРТУГАЛИЯ	PT	GJHNEUFKBZ	portugaliia
ПУЭРТО-РИКО	PR	PUERTO-RIKO	puerto-riko
ПУЭРТО-РИКО	PR	PU`ERTO-RIKO	puerto-riko
ПУЭРТО-РИКО	PR	GE'HNJ-HBRJ	puerto-riko
ПУЭРТО-РИКО	PR	ПУЭРТО-РИКО	puerto-riko
РЕСПУБЛИКА МАКЕДОНИЯ	MK	RESPUBLIKA MAKEDONIJA	makedoniia
РЕСПУБЛИКА МАКЕДОНИЯ	MK	МАКЕДОНИЯ	makedoniia
РЕСПУБЛИКА МАКЕДОНИЯ	MK	MAKEDONIIA	makedoniia
РЕСПУБЛИКА МАКЕДОНИЯ	MK	HTCGE,KBRF VFRTLJYBZ	makedoniia
РЕСПУБЛИКА МАКЕДОНИЯ	MK	RESPUBLIKA MAKEDONIIA	makedoniia
РЕСПУБЛИКА МАКЕДОНИЯ	MK	РЕСПУБЛИКА МАКЕДОНИЯ	makedoniia
РЕСПУБЛИКА МАКЕДОНИЯ	MK	VFRTLJYBZ	makedoniia
РЕСПУБЛИКА МАКЕДОНИЯ	MK	MAKEDONIJA	makedoniia
РОССИЯ	RU	ROSSIIA	rossiia
РОССИЯ	RU	HJCCBZ	rossiia
РОССИЯ	RU	ROSSIYA	rossiia
РОССИЯ	RU	ROSSIJA	rossiia
РУАНДА	RW	RUANDA	ruanda
РУАНДА	RW	HEFYLF	ruanda
РУАНДА	RW	РУАНДА	ruanda
РУАНДА	RW	RUANDA	ruanda
РУМЫНИЯ	RO	RUMYNIJA	rumynija
РУМЫНИЯ	RO	RUMYNIIA	rumynija
РУМЫНИЯ	RO	HEVSYBZ	rumynija
РУМЫНИЯ	RO	РУМЫНИЯ	rumynija
САМОА	WS	CFVJF	samoa
САМОА	WS	SAMOA	samoa
САМОА	WS	SAMOA	samoa
САМОА	WS	САМОА	samoa
САН-МАРИНО	SM	SAN-MARINO	san-marino
САН-МАРИНО	SM	SAN-MARINO	san-marino
САН-МАРИНО	SM	CFY-VFHBYJ	san-marino
САН-МАРИНО	SM	САН-МАРИНО	san-marino
САУДОВСКАЯ АРАВИЯ	SA	"H-HBZL;aravija
САУДОВСКАЯ АРАВИЯ;SA;CFELJDCRFZ FHFDBZ;aravija
САУДОВСКАЯ АРАВИЯ;SA;`ER-RIJAD;aravija
САУДОВСКАЯ АРАВИЯ;SA;SAUDOVSKAIA ARAVIIA;aravija
САУДОВСКАЯ АРАВИЯ;SA;ЭР-РИЯД;aravija
САУДОВСКАЯ АРАВИЯ;SA;ER-RIIAD;aravija
САУДОВСКАЯ АРАВИЯ;SA;САУДОВСКАЯ АРАВИЯ;aravija
САУДОВСКАЯ АРАВИЯ;SA;SAUDOVSKAJA ARAVIJA;aravija
СЕЙШЕЛЫ;SC;CTQITKS;seishely
СЕЙШЕЛЫ;SC;CTQITKMCRBT JCNHJDF;seishely
СЕЙШЕЛЫ;SC;SEISHELY;seishely
СЕЙШЕЛЫ;SC;СЕЙШЕЛЬСКИЕ ОСТРОВА;seishely
СЕЙШЕЛЫ;SC;SEISHELSKIE OSTROVA;seishely
СЕЙШЕЛЫ;SC;SEJSHEL'SKIE OSTROVA;seishely
СЕЙШЕЛЫ;SC;SEJSHELY;seishely
СЕЙШЕЛЫ;SC;СЕЙШЕЛЫ;seishely
СЕНЕГАЛ;SN;SENEGAL;senegal
СЕНЕГАЛ;SN;CTYTUFK;senegal
СЕНЕГАЛ;SN;СЕНЕГАЛ;senegal
СЕНЕГАЛ;SN;SENEGAL;senegal
СЕНТ-ВИНСЕНТ И ГРЕНАДИНЫ;VC;SENT VINSENT I GRENADINY;grenadiny
СЕНТ-ВИНСЕНТ И ГРЕНАДИНЫ;VC;SANT-VINSENT I GRENADINY;grenadiny
СЕНТ-ВИНСЕНТ И ГРЕНАДИНЫ;VC;CFYN-DBYCTYN B UHTYFLBYS;grenadiny
СЕНТ-ВИНСЕНТ И ГРЕНАДИНЫ;VC;SENT-VINSENT I GRENADINY;grenadiny
СЕНТ-ВИНСЕНТ И ГРЕНАДИНЫ;VC;CTYN DBYCTYN B UHTYFLBYS;grenadiny
СЕНТ-ВИНСЕНТ И ГРЕНАДИНЫ;VC;СЕНТ ВИНСЕНТ И ГРЕНАДИНЫ;grenadiny
СЕНТ-ВИНСЕНТ И ГРЕНАДИНЫ;VC;CTYN-DBYCTYN B UHTYFLBYS;grenadiny
СЕНТ-ВИНСЕНТ И ГРЕНАДИНЫ;VC;SENT VINSENT I GRENADINY;grenadiny
СЕНТ-ВИНСЕНТ И ГРЕНАДИНЫ;VC;САНТ-ВИНСЕНТ И ГРЕНАДИНЫ;grenadiny
СЕНТ-ВИНСЕНТ И ГРЕНАДИНЫ;VC;SANT-VINSENT I GRENADINY;grenadiny
СЕНТ-ВИНСЕНТ И ГРЕНАДИНЫ;VC;СЕНТ-ВИНСЕНТ И ГРЕНАДИНЫ;grenadiny
СЕНТ-ВИНСЕНТ И ГРЕНАДИНЫ;VC;SENT-VINSENT I GRENADINY;grenadiny
СЕНТ-КИТС И НЕВИС;KN;СЕНТ-КИТС И НЕВИС;sent-kits
СЕНТ-КИТС И НЕВИС;KN;SENT-KRISTOFER I NEVIS;sent-kits
СЕНТ-КИТС И НЕВИС;KN;СЕНТ-КРИСТОФЕР И НЕВИС;sent-kits
СЕНТ-КИТС И НЕВИС;KN;SENT-KITS I NEVIS;sent-kits
СЕНТ-КИТС И НЕВИС;KN;SENT-KRISTOFER I NEVIS;sent-kits
СЕНТ-КИТС И НЕВИС;KN;КИТТС-НЕВИС-АНГИЛЛА;sent-kits
СЕНТ-КИТС И НЕВИС;KN;CTYN-RHBCNJATH B YTDBC;sent-kits
СЕНТ-КИТС И НЕВИС;KN;SENT-KITS I NEVIS;sent-kits
СЕНТ-КИТС И НЕВИС;KN;CTYN-RBNC B YTDBC;sent-kits
СЕНТ-КИТС И НЕВИС;KN;KITTS-NEVIS-ANGILLA;sent-kits
СЕНТ-КИТС И НЕВИС;KN;RBNNC-YTDBC-FYUBKKF;sent-kits
СЕНТ-КИТС И НЕВИС;KN;KITTS-NEVIS-ANGILLA;sent-kits
СЕНТ-ЛЮСИЯ;LC;CTYN-K.CBZ;sent-liusiia
СЕНТ-ЛЮСИЯ;LC;SANT-LIUSIIA;sent-liusiia
СЕНТ-ЛЮСИЯ;LC;SENT-LIUSIIA;sent-liusiia
СЕНТ-ЛЮСИЯ;LC;SANT-LJUSIJA;sent-liusiia
СЕНТ-ЛЮСИЯ;LC;САНТ-ЛЮСИЯ;sent-liusiia
СЕНТ-ЛЮСИЯ;LC;SENT-LJUSIJA;sent-liusiia
СЕНТ-ЛЮСИЯ;LC;СЕНТ-ЛЮСИЯ;sent-liusiia
СЕНТ-ЛЮСИЯ;LC;CFYN-K.CBZ;sent-liusiia
СЕРБИЯ;RS;CTH,BZ;serbiia
СЕРБИЯ;RS;SERBIIA;serbiia
СЕРБИЯ;RS;SERBIJA;serbiia
СЕРБИЯ;RS;СЕРБИЯ;serbiia
СИНГАПУР;SG;SINGAPUR;singapur
СИНГАПУР;SG;SINGAPUR;singapur
СИНГАПУР;SG;СИНГАПУР;singapur
СИНГАПУР;SG;СИНГАПУР;singapur
СИНГАПУР;SG;CBYUFGEH;singapur
СИНГАПУР;SG;SINGAPUR;singapur
СИНГАПУР;SG;CBYUFGEH;singapur
СИРИЙСКАЯ АРАБСКАЯ РЕСПУБЛИКА;SY;SIRIJA;sirija
СИРИЙСКАЯ АРАБСКАЯ РЕСПУБЛИКА;SY;СИРИЙСКАЯ АРАБСКАЯ РЕСПУБЛИКА;sirija
СИРИЙСКАЯ АРАБСКАЯ РЕСПУБЛИКА;SY;SIRIISKAIA ARABSKAIA RESPUBLIKA;sirija
СИРИЙСКАЯ АРАБСКАЯ РЕСПУБЛИКА;SY;SIRIJSKAJA ARABSKAJA RESPUBLIKA;sirija
СИРИЙСКАЯ АРАБСКАЯ РЕСПУБЛИКА;SY;СИРИЯ;sirija
СИРИЙСКАЯ АРАБСКАЯ РЕСПУБЛИКА;SY;CBHBQCRFZ FHF,CRFZ HTCGE,KBRF;sirija
СИРИЙСКАЯ АРАБСКАЯ РЕСПУБЛИКА;SY;CBHBZ;sirija
СИРИЙСКАЯ АРАБСКАЯ РЕСПУБЛИКА;SY;SIRIIA;sirija
СЛОВАКИЯ;SK;СЛОВАКИЯ;slovakija
СЛОВАКИЯ;SK;CKJDFRBZ;slovakija
СЛОВАКИЯ;SK;SLOVAKIJA;slovakija
СЛОВАКИЯ;SK;SLOVAKIIA;slovakija
СЛОВЕНИЯ;SI;CKJDTYBZ;slovakija
СЛОВЕНИЯ;SI;SLOVENIJA;slovenija
СЛОВЕНИЯ;SI;СЛОВЕНИЯ;slovenija
СЛОВЕНИЯ;SI;SLOVENIIA;slovenija
СНГ;SI;CYU;sng
СНГ;SI;SNG;sng
СНГ;SI;SNG;sng
СНГ;SI;СНГ;sng
СОЕДИНЕННОЕ КОРОЛЕВСТВО;GB;DTKBRJ,HBNFYBZ;angliia
СОЕДИНЕННОЕ КОРОЛЕВСТВО;GB;ЛОНДОН;angliia
СОЕДИНЕННОЕ КОРОЛЕВСТВО;GB;ВЕЛИКОБРИТАНИЯ;angliia
СОЕДИНЕННОЕ КОРОЛЕВСТВО;GB;FYUKBZ;angliia
СОЕДИНЕННОЕ КОРОЛЕВСТВО;GB;СОЕДИНЕННОЕ КОРОЛЕВСТВО;angliia
СОЕДИНЕННОЕ КОРОЛЕВСТВО;GB;ANGLIJA;angliia
СОЕДИНЕННОЕ КОРОЛЕВСТВО;GB;SOEDINENNOE KOROLEVSTVO;angliia
СОЕДИНЕННОЕ КОРОЛЕВСТВО;GB;VELIKOBRITANIIA;angliia
СОЕДИНЕННОЕ КОРОЛЕВСТВО;GB;KJYLJY;angliia
СОЕДИНЕННОЕ КОРОЛЕВСТВО;GB;LONDON;angliia
СОЕДИНЕННОЕ КОРОЛЕВСТВО;GB;BRITANIIA;angliia
СОЕДИНЕННОЕ КОРОЛЕВСТВО;GB;SOEDINENNOE KOROLEVSTVO;angliia
СОЕДИНЕННОЕ КОРОЛЕВСТВО;GB;VELIKOBRITANIJA;angliia
СОЕДИНЕННОЕ КОРОЛЕВСТВО;GB;ANGLIIA;angliia
СОЕДИНЕННОЕ КОРОЛЕВСТВО;GB;HBNFYBZ;angliia
СОЕДИНЕННОЕ КОРОЛЕВСТВО;GB;CJTLBYTYYJT RJHJKTDCNDJ;angliia
СОЕДИНЕННОЕ КОРОЛЕВСТВО;GB;АНГЛИЯ;angliia
СОЕДИНЕННОЕ КОРОЛЕВСТВО;GB;BRITANIJA;angliia
СОЕДИНЕННОЕ КОРОЛЕВСТВО;GB;БРИТАНИЯ;angliia
СОЛОМОНОВЫ ОСТРОВА;SB;SOLOMONOVY OSTROVA;solomonovy
СОЛОМОНОВЫ ОСТРОВА;SB;SOLOMONOVY O-VA;solomonovy
СОЛОМОНОВЫ ОСТРОВА;SB;СОЛОМОНОВЫ О-ВА;solomonovy
СОЛОМОНОВЫ ОСТРОВА;SB;CJKJVJYJDS J-DF;solomonovy
СОЛОМОНОВЫ ОСТРОВА;SB;CJKJVJYJDS JCNHJDF;solomonovy
СОЛОМОНОВЫ ОСТРОВА;SB;SOLOMONOVY OSTROVA;solomonovy
СОЛОМОНОВЫ ОСТРОВА;SB;SOLOMONOVY O-VA;solomonovy
СОЛОМОНОВЫ ОСТРОВА;SB;СОЛОМОНОВЫ ОСТРОВА;solomonovy
СОМАЛИ;SO;SOMALI;somali
СОМАЛИ;SO;СОМАЛИ;somali
СОМАЛИ;SO;SOMALI;somali
СОМАЛИ;SO;CJVFKB;somali
СУДАН;SD;СУДАН;sudan
СУДАН;SD;SUDAN;sudan
СУДАН;SD;CELFY;sudan
СУДАН;SD;SUDAN;sudan
СУРИНАМ;SR;SURINAM;surinam
СУРИНАМ;SR;CEHBYFV;surinam
СУРИНАМ;SR;SURINAM;surinam
СУРИНАМ;SR;СУРИНАМ;surinam
США;US;DFIBYUNJY;ssha
США;US;США;ssha
США;US;CIF;ssha
США;US;SSHA;ssha
США;US;США;ssha
США;US;SSHA;ssha
США;US;ВАШИНГТОН;ssha
США;US;VASHINGTON;ssha
СЬЕРРА-ЛЕОНЕ;SL;CMTHHF-KTJYT;serra-leone
СЬЕРРА-ЛЕОНЕ;SL;SERRA-LEONE;serra-leone
СЬЕРРА-ЛЕОНЕ;SL;S'ERRA-LEONE;serra-leone
СЬЕРРА-ЛЕОНЕ;SL;СЬЕРРА-ЛЕОНЕ;serra-leone
ТАДЖИКИСТАН;TJ;TADZHIKISTAN;tadzhikistan
ТАДЖИКИСТАН;TJ;NFL;BRBCNFY;tadzhikistan
ТАДЖИКИСТАН;TJ;TADZHIKISTAN;tadzhikistan
ТАДЖИКИСТАН;TJ;ТАДЖИКИСТАН;tadzhikistan
ТАИЛАНД;TH;BANGKOK;tailand
ТАИЛАНД;TH;ТАИЛАНД;tailand
ТАИЛАНД;TH;FYURJR;tailand
ТАИЛАНД;TH;БАНГКОК;tailand
ТАИЛАНД;TH;NFBKFYL;tailand
ТАИЛАНД;TH;TAILAND;tailand
ТАИЛАНД;TH;TAILAND;tailand
ТАИЛАНД;TH;NFQKFYL;tailand
ТАИЛАНД;TH;TAJLAND;tailand
ТАИЛАНД;TH;TAILAND;tailand
ТАИЛАНД;TH;ТАЙЛАНД;tailand
ТАЙВАНЬ (КИТАЙ);TW;NFQDFYM;taivan (kitai)
ТАЙВАНЬ (КИТАЙ);TW;TAIVAN (KITAI);taivan (kitai)
ТАЙВАНЬ (КИТАЙ);TW;NFQDFYM (RBNFQ);taivan (kitai)
ТАЙВАНЬ (КИТАЙ);TW;ТАЙВАНЬ (КИТАЙ);taivan (kitai)
ТАЙВАНЬ (КИТАЙ);TW;TAJVAN' (KITAJ);taivan (kitai)
ТАЙВАНЬ (КИТАЙ);TW;TAIVAN;taivan (kitai)
ТАЙВАНЬ (КИТАЙ);TW;ТАЙВАНЬ;taivan (kitai)
ТАЙВАНЬ (КИТАЙ);TW;TAJVAN';taivan (kitai)
ТАНЗАНИЯ, ОБЪЕДИНЕННАЯ РЕСПУБЛИКА;TZ;ТАНЗАНИЯ;tanzaniia
ТАНЗАНИЯ, ОБЪЕДИНЕННАЯ РЕСПУБЛИКА;TZ;TANZANIIA;tanzaniia
ТАНЗАНИЯ, ОБЪЕДИНЕННАЯ РЕСПУБЛИКА;TZ;TANZANIIA, OBIEEDINENNAIA RESPUBLIKA;tanzaniia
ТАНЗАНИЯ, ОБЪЕДИНЕННАЯ РЕСПУБЛИКА;TZ;ДОДОМА;tanzaniia
ТАНЗАНИЯ, ОБЪЕДИНЕННАЯ РЕСПУБЛИКА;TZ;ТАНЗАНИЯ, ОБЪЕДИНЕННАЯ РЕСПУБЛИКА;tanzaniia
ТАНЗАНИЯ, ОБЪЕДИНЕННАЯ РЕСПУБЛИКА;TZ;TANZANIJA, OBEDINENNAJA RESPUBLIKA"	tanzaniia
ТАНЗАНИЯ, ОБЪЕДИНЕННАЯ РЕСПУБЛИКА	TZ	TANZANIJA	tanzaniia
ТАНЗАНИЯ, ОБЪЕДИНЕННАЯ РЕСПУБЛИКА	TZ	LJLJVF	tanzaniia
ТАНЗАНИЯ, ОБЪЕДИНЕННАЯ РЕСПУБЛИКА	TZ	NFYPFYBZ? J,]TLBYTYYFZ HTCGE,KBRF	tanzaniia
ТАНЗАНИЯ, ОБЪЕДИНЕННАЯ РЕСПУБЛИКА	TZ	DODOMA	tanzaniia
ТАНЗАНИЯ, ОБЪЕДИНЕННАЯ РЕСПУБЛИКА	TZ	NFYPFYBZ	tanzaniia
ТИМОР-ЛЕСТЕ	TL	ВОСТОЧНЫЙ ТИМОР	timor-leste
ТИМОР-ЛЕСТЕ	TL	TIMOR-LESTE	timor-leste
ТИМОР-ЛЕСТЕ	TL	TIMOR-LESTE	timor-leste
ТИМОР-ЛЕСТЕ	TL	VOSTOCHNYI TIMOR	timor-leste
ТИМОР-ЛЕСТЕ	TL	ТИМОР-ЛЕСТЕ	timor-leste
ТИМОР-ЛЕСТЕ	TL	DJCNJXYSQ NBVJH	timor-leste
ТИМОР-ЛЕСТЕ	TL	NBVJH-KTCNT	timor-leste
ТИМОР-ЛЕСТЕ	TL	VOSTOCHNYJ TIMOR	timor-leste
ТОГО	TG	TOGO	togo
ТОГО	TG	TOGO	togo
ТОГО	TG	NJUJ	togo
ТОГО	TG	ТОГО	togo
ТОНГА	TO	ТОНГА	tonga
ТОНГА	TO	NJYUF	tonga
ТОНГА	TO	TONGA	tonga
ТОНГА	TO	TONGA	tonga
ТРИНИДАД И ТОБАГО	TT	NHBYBLFL B NJ,FUJ	trinidad
ТРИНИДАД И ТОБАГО	TT	TRINIDAD I TOBAGO	trinidad
ТРИНИДАД И ТОБАГО	TT	ТРИНИДАД И ТОБАГО	trinidad
ТРИНИДАД И ТОБАГО	TT	TRINIDAD I TOBAGO	trinidad
ТУНИС	TN	TUNIS	tunis
ТУНИС	TN	NEYBC	tunis
ТУНИС	TN	ТУНИС	tunis
ТУНИС	TN	TUNIS	tunis
ТУРКМЕНИЯ	TM	ТУРКМЕНИСТАН	turkmenija
ТУРКМЕНИЯ	TM	ТУРКМЕНИЯ	turkmenija
ТУРКМЕНИЯ	TM	NEHRVTYBZ	turkmenija
ТУРКМЕНИЯ	TM	TURKMENISTAN	turkmenija
ТУРКМЕНИЯ	TM	TURKMENIJA	turkmenija
ТУРКМЕНИЯ	TM	TURKMENISTAN	turkmenija
ТУРКМЕНИЯ	TM	NEHRVTYBCNFY	turkmenija
ТУРКМЕНИЯ	TM	TURKMENIIA	turkmenija
ТУРЦИЯ	TR	ТУРЦИЯ	turtsiia
ТУРЦИЯ	TR	NEHWBZ	turtsiia
ТУРЦИЯ	TR	TURTSIIA	turtsiia
ТУРЦИЯ	TR	АНКАРА	turtsiia
ТУРЦИЯ	TR	ANKARA	turtsiia
ТУРЦИЯ	TR	FYRFHF	turtsiia
ТУРЦИЯ	TR	TURTSIJA	turtsiia
УГАНДА	UG	EUFYLF	uganda
УГАНДА	UG	УГАНДА	uganda
УГАНДА	UG	RFVGFKF	uganda
УГАНДА	UG	КАМПАЛА	uganda
УГАНДА	UG	UGANDA	uganda
УГАНДА	UG	UGANDA	uganda
УГАНДА	UG	KAMPALA	uganda
УЗБЕКИСТАН	UZ	УЗБЕКИСТАН	uzbekistan
УЗБЕКИСТАН	UZ	EP,TRBCNFY	uzbekistan
УЗБЕКИСТАН	UZ	UZBEKISTAN	uzbekistan
УЗБЕКИСТАН	UZ	UZBEKISTAN	uzbekistan
УКРАИНА	UA	УКРАИНА	ukraina
УКРАИНА	UA	UKRAINA	ukraina
УКРАИНА	UA	КИЕВ	ukraina
УКРАИНА	UA	ERHFBYF	ukraina
УКРАИНА	UA	KIEV	ukraina
УКРАИНА	UA	RBTD	ukraina
УКРАИНА	UA	UKRAINA	ukraina
УРУГВАЙ	UY	EHEUDFQ	urugvaj
УРУГВАЙ	UY	УРУГВАЙ	urugvaj
УРУГВАЙ	UY	URUGVAJ	urugvaj
УРУГВАЙ	UY	URUGVAI	urugvaj
ФИДЖИ	FJ	FIDZHI	fidzhi
ФИДЖИ	FJ	FIDZHI	fidzhi
ФИДЖИ	FJ	ФИДЖИ	fidzhi
ФИДЖИ	FJ	ABL	fidzhi
ФИЛИППИНЫ	PH	FILIPPINY	filippiny
ФИЛИППИНЫ	PH	ABKBGGBYS	filippiny
ФИЛИППИНЫ	PH	ФИЛИППИНЫ	filippiny
ФИЛИППИНЫ	PH	FILIPPINY	filippiny
ФИНЛЯНДИЯ	FI	FINLIANDIIA	finliandiia
ФИНЛЯНДИЯ	FI	ХЕЛЬСИНКИ	finliandiia
ФИНЛЯНДИЯ	FI	{TKMCBYRB	finliandiia
ФИНЛЯНДИЯ	FI	ABYKZYLBZ	finliandiia
ФИНЛЯНДИЯ	FI	HEL'SINKI	finliandiia
ФИНЛЯНДИЯ	FI	FINLJANDIJA	finliandiia
ФИНЛЯНДИЯ	FI	KHELSINKI	finliandiia
ФИНЛЯНДИЯ	FI	ФИНЛЯНДИЯ	finliandiia
ФРАНЦИЯ	FR	FRANTSIJA	frantsija
ФРАНЦИЯ	FR	ПАРИЖ	frantsija
ФРАНЦИЯ	FR	PARIZH	frantsija
ФРАНЦИЯ	FR	GFHB	frantsija
ФРАНЦИЯ	FR	FRANTSIIA	frantsija
ФРАНЦИЯ	FR	ФРАНЦИЯ	frantsija
ФРАНЦИЯ	FR	AHFYWBZ	frantsija
ХОРВАТИЯ	HR	{JHDFNBZ	horvatija
ХОРВАТИЯ	HR	ХОРВАТИЯ	horvatija
ХОРВАТИЯ	HR	KHORVATIIA	horvatija
ХОРВАТИЯ	HR	HORVATIJA	cad
ЦЕНТРАЛЬНО-АФРИКАНСКАЯ РЕСПУБЛИКА	CF	WTYNH/FAHBRFYCRFZ HTCGE,BRF	cad
ЦЕНТРАЛЬНО-АФРИКАНСКАЯ РЕСПУБЛИКА	CF	WTYNHFKMYJ-FAHBRFYCRFZ HTCGE,KBRF	cad
ЦЕНТРАЛЬНО-АФРИКАНСКАЯ РЕСПУБЛИКА	CF	ЦЕНТРАЛЬНО-АФРИКАНСКАЯ РЕСПУБЛИКА	cad
ЦЕНТРАЛЬНО-АФРИКАНСКАЯ РЕСПУБЛИКА	CF	TSENTRAL'NO-AFRIKANSKAJA RESPUBLIKA	cad
ЦЕНТРАЛЬНО-АФРИКАНСКАЯ РЕСПУБЛИКА	CF	ЦЕНТР.АФРИКАНСКАЯ РЕСПУБИКА	cad
ЦЕНТРАЛЬНО-АФРИКАНСКАЯ РЕСПУБЛИКА	CF	TSENTR.AFRIKANSKAIA RESPUBIKA	cad
ЦЕНТРАЛЬНО-АФРИКАНСКАЯ РЕСПУБЛИКА	CF	TSENTR.AFRIKANSKAJA RESPUBIKA	cad
ЦЕНТРАЛЬНО-АФРИКАНСКАЯ РЕСПУБЛИКА	CF	TSENTRALNO-AFRIKANSKAIA RESPUBLIKA	cad
ЧАД	TD	XFL	chad
ЧАД	TD	CHAD	chad
ЧАД	TD	ЧАД	chad
ЧАД	TD	CHAD	chad
ЧЕРНОГОРИЯ	ME	CHERNOGORIJA	chernogorija
ЧЕРНОГОРИЯ	ME	CHERNOGORIIA	chernogorija
ЧЕРНОГОРИЯ	ME	XTHYJUJHBZ	chernogorija
ЧЕРНОГОРИЯ	ME	ЧЕРНОГОРИЯ	chernogorija
ЧЕШСКАЯ РЕСПУБЛИКА	CZ	CHESHSKAJA RESPUBLIKA	chehija
ЧЕШСКАЯ РЕСПУБЛИКА	CZ	ПРАГА	chehija
ЧЕШСКАЯ РЕСПУБЛИКА	CZ	CHEKHIIA	chehija
ЧЕШСКАЯ РЕСПУБЛИКА	CZ	XT[BZ	chehija
ЧЕШСКАЯ РЕСПУБЛИКА	CZ	XTICRFZ HTCGE,KBRF	chehija
ЧЕШСКАЯ РЕСПУБЛИКА	CZ	GHFUF	chehija
ЧЕШСКАЯ РЕСПУБЛИКА	CZ	CHEHIJA	chehija
ЧЕШСКАЯ РЕСПУБЛИКА	CZ	ЧЕХИЯ	chehija
ЧЕШСКАЯ РЕСПУБЛИКА	CZ	ЧЕШСКАЯ РЕСПУБЛИКА	chehija
ЧЕШСКАЯ РЕСПУБЛИКА	CZ	CHESHSKAIA RESPUBLIKA	chehija
ЧЕШСКАЯ РЕСПУБЛИКА	CZ	PRAGA	chehija
ЧИЛИ	CL	SANT'JAGO	chili
ЧИЛИ	CL	CFYNMZUJ	chili
ЧИЛИ	CL	SANTIAGO	chili
ЧИЛИ	CL	ЧИЛИ	chili
ЧИЛИ	CL	XBKB	chili
ЧИЛИ	CL	CHILI	chili
ЧИЛИ	CL	CHILI	chili
ЧИЛИ	CL	САНТЬЯГО	chili
ШВЕЙЦАРИЯ	CH	ШВЕЙЦАРИЯ	shvejtsarija
ШВЕЙЦАРИЯ	CH	SHVEJTSARIJA	shvejtsarija
ШВЕЙЦАРИЯ	CH	BERN	shvejtsarija
ШВЕЙЦАРИЯ	CH	THY	shvejtsarija
ШВЕЙЦАРИЯ	CH	БЕРН	shvejtsarija
ШВЕЙЦАРИЯ	CH	SHVEITSARIIA	shvejtsarija
ШВЕЙЦАРИЯ	CH	IDTQWFHBZ	shvejtsarija
ШВЕЦИЯ	SE	STOKGOLM	shvetsija
ШВЕЦИЯ	SE	CNJRUJKMV	shvetsija
ШВЕЦИЯ	SE	STOKGOL'M	shvetsija
ШВЕЦИЯ	SE	IDTWBZ	shvetsija
ШВЕЦИЯ	SE	SHVETSIJA	shvetsija
ШВЕЦИЯ	SE	ШВЕЦИЯ	shvetsija
ШВЕЦИЯ	SE	СТОКГОЛЬМ	shvetsija
ШВЕЦИЯ	SE	SHVETSIIA	shvetsija
ШЕНГЕНСКИЙ СОЮЗ	SH	ШЕНГЕН	shengen
ШЕНГЕНСКИЙ СОЮЗ	SH	ШЕНГЕН	shengen
ШРИ-ЛАНКА	LK	IHB-KFYRF	shri-lanka
ШРИ-ЛАНКА	LK	ШРИ ЛАНКА	shri-lanka
ШРИ-ЛАНКА	LK	IHB KFYRF	shri-lanka
ШРИ-ЛАНКА	LK	SHRI-LANKA	shri-lanka
ШРИ-ЛАНКА	LK	SHRI LANKA	shri-lanka
ШРИ-ЛАНКА	LK	SHRI LANKA	shri-lanka
ШРИ-ЛАНКА	LK	ШРИ-ЛАНКА	shri-lanka
ШРИ-ЛАНКА	LK	SHRI-LANKA	shri-lanka
ЭКВАДОР	EC	"RDFLJH;ekvador
ЭКВАДОР;EC;EKVADOR;ekvador
ЭКВАДОР;EC;`EKVADOR;ekvador
ЭКВАДОР;EC;ЭКВАДОР;ekvador
ЭКВАТОРИАЛЬНАЯ ГВИНЕЯ;GQ;EKVATORIALNAIA GVINEIA;ekvatorialnaia-gvineia
ЭКВАТОРИАЛЬНАЯ ГВИНЕЯ;GQ;`EKVATORIAL'NAJA GVINEJA;ekvatorialnaia-gvineia
ЭКВАТОРИАЛЬНАЯ ГВИНЕЯ;GQ;ЭКВАТОРИАЛЬНАЯ ГВИНЕЯ;ekvatorialnaia-gvineia
ЭКВАТОРИАЛЬНАЯ ГВИНЕЯ;GQ;RDFNJHBFKMYFZ UDBYTZ"	ekvatorialnaia-gvineia
ЭЛЬ-САЛЬВАДОР	SV	САЛЬВАДОР	salvador
ЭЛЬ-САЛЬВАДОР	SV	SAL'VADOR	salvador
ЭЛЬ-САЛЬВАДОР	SV	EL-SALVADOR	salvador
ЭЛЬ-САЛЬВАДОР	SV	"KM-CFKMDFLJH;salvador
ЭЛЬ-САЛЬВАДОР;SV;ЭЛЬ-САЛЬВАДОР;salvador
ЭЛЬ-САЛЬВАДОР;SV;`EL'-SAL'VADOR;salvador
ЭЛЬ-САЛЬВАДОР;SV;CFKMDFLJH;salvador
ЭЛЬ-САЛЬВАДОР;SV;SALVADOR;salvador
ЭРИТРЕЯ;ER;HBNHTZ"	eritreia
ЭРИТРЕЯ	ER	ЭРИТРЕЯ	eritreia
ЭРИТРЕЯ	ER	`ERITREJA	eritreia
ЭРИТРЕЯ	ER	ERITREIA	eritreia
ЭСТОНИЯ	EE	ЭСТОНИЯ	estoniia
ЭСТОНИЯ	EE	"CNJYBZ;estoniia
ЭСТОНИЯ;EE;`ESTONIJA;estoniia
ЭСТОНИЯ;EE;ESTONIIA;estoniia
ЭФИОПИЯ;ET;EFIOPIIA;eritreia
ЭФИОПИЯ;ET;ЭФИОПИЯ;eritreia
ЭФИОПИЯ;ET;ABJGBZ"	eritreia
ЭФИОПИЯ	ET	`EFIOPIJA	eritreia
ЮГО-ВОСТОЧНАЯ АЗИЯ, КРОМЕ ТАИЛАНДА	ET	JUGO-VOSTOCHNAJA AZIJA, KROME TAILANDA I	aziya
ЮГО-ВОСТОЧНАЯ АЗИЯ, КРОМЕ ТАИЛАНДА	ET	UJ-DJCNJXYFZ FPBZ? RHJVT NFBKFYLF B YTGF	aziya
ЮГО-ВОСТОЧНАЯ АЗИЯ, КРОМЕ ТАИЛАНДА	ET	IUGO-VOSTOCHNAIA AZIIA, KROME TAILANDA I	aziya
ЮГО-ВОСТОЧНАЯ АЗИЯ, КРОМЕ ТАИЛАНДА	ET	ЮГО-ВОСТОЧНАЯ АЗИЯ, КРОМЕ ТАИЛАНДА И НЕП	aziya
ЮЖНАЯ АФРИКА	ZA	FH	afrika
ЮЖНАЯ АФРИКА	ZA	ЮАР	afrika
ЮЖНАЯ АФРИКА	ZA	GHTNJHBZ	afrika
ЮЖНАЯ АФРИКА	ZA	YFZ FAHBRF	afrika
ЮЖНАЯ АФРИКА	ZA	JUZHNAJA AFRIKA	afrika
ЮЖНАЯ АФРИКА	ZA	IUAR	afrika
ЮЖНАЯ АФРИКА	ZA	PRETORIJA	afrika
ЮЖНАЯ АФРИКА	ZA	ЮЖНАЯ АФРИКА	afrika
ЮЖНАЯ АФРИКА	ZA	IUZHNAIA AFRIKA	afrika
ЮЖНАЯ АФРИКА	ZA	PRETORIIA	afrika
ЮЖНАЯ АФРИКА	ZA	JUAR	afrika
ЮЖНАЯ АФРИКА	ZA	ПРЕТОРИЯ	afrika
ЮЖНЫЙ СУДАН	SS	IUZHNYI SUDAN	juzhnyj-sudan
ЮЖНЫЙ СУДАН	SS	JUZHNYJ SUDAN	juzhnyj-sudan
ЮЖНЫЙ СУДАН	SS	YSQ CELFY	juzhnyj-sudan
ЮЖНЫЙ СУДАН	SS	ЮЖНЫЙ СУДАН	juzhnyj-sudan
ЯМАЙКА	JM	ЯМАЙКА	jamajka
ЯМАЙКА	JM	ZVFQRF	jamajka
ЯМАЙКА	JM	IAMAIKA	jamajka
ЯМАЙКА	JM	JAMAJKA	jamajka
ЯПОНИЯ	JP	NJRBJ	japonija
ЯПОНИЯ	JP	JAPONIJA	japonija
ЯПОНИЯ	JP	IAPONIIA	japonija
ЯПОНИЯ	JP	ZGJYBZ	japonija
ЯПОНИЯ	JP	ЯПОНИЯ	japonija
ЯПОНИЯ	JP	TOKIO	japonija
ЯПОНИЯ	JP	ТОКИО	japonija
